{
  "samples_total": 342,
  "samples_train": 273,
  "samples_test": 69,
  "mae_baseline": 124.43591304347825,
  "rmse_baseline": 171.6135430780365,
  "mae_model": 96.65633207669347,
  "rmse_model": 123.21754605663283,
  "model_version": "v20260212T200947Z_t-download_mbps_h-1_l-5"
}