{
  "samples_total": 356,
  "samples_train": 284,
  "samples_test": 72,
  "mae_baseline": 135.9261388888889,
  "rmse_baseline": 181.85094546404392,
  "mae_model": 106.20122133416697,
  "rmse_model": 133.56532864284569,
  "model_version": "v20260212T202348Z_t-download_mbps_h-1_l-5"
}