{
  "samples_total": 464,
  "samples_train": 371,
  "samples_test": 93,
  "mae_baseline": 172.08793548387095,
  "rmse_baseline": 212.5481002481986,
  "mae_model": 131.57712288803552,
  "rmse_model": 153.22809843074506,
  "model_version": "v20260212T233746Z_t-download_mbps_h-1_l-5"
}