{
  "samples_total": 484,
  "samples_train": 387,
  "samples_test": 97,
  "mae_baseline": 179.88018556701033,
  "rmse_baseline": 225.6945539339013,
  "mae_model": 138.139686295359,
  "rmse_model": 159.70394726845248,
  "model_version": "v20260213T002857Z_t-download_mbps_h-1_l-5"
}