{
  "samples_total": 211,
  "samples_train": 168,
  "samples_test": 43,
  "mae_baseline": 151.14179069767442,
  "rmse_baseline": 204.74497843647714,
  "mae_model": 146.92862968837036,
  "rmse_model": 162.8365722785697,
  "model_version": "v20260212T173007Z_t-download_mbps_h-1_l-5"
}