{
  "samples_total": 656,
  "samples_train": 524,
  "samples_test": 132,
  "mae_baseline": 151.0556287878788,
  "rmse_baseline": 250.5868399201042,
  "mae_model": 144.5634042910936,
  "rmse_model": 183.2881304163741,
  "model_version": "v20260213T163549Z_t-download_mbps_h-1_l-5"
}