{
  "samples_total": 299,
  "samples_train": 239,
  "samples_test": 60,
  "mae_baseline": 100.32879999999999,
  "rmse_baseline": 140.54051537273276,
  "mae_model": 76.11349974492947,
  "rmse_model": 100.5326652807361,
  "model_version": "v20260212T184246Z_t-download_mbps_h-1_l-5"
}