{
  "samples_total": 487,
  "samples_train": 389,
  "samples_test": 98,
  "mae_baseline": 184.05167346938774,
  "rmse_baseline": 228.3769293165157,
  "mae_model": 137.76865829664968,
  "rmse_model": 159.48202971014643,
  "model_version": "v20260213T003519Z_t-download_mbps_h-1_l-5"
}